0,1,2,3,4,5,6,7,8,9,10,11,12,13,14,15,16,17,18,19,20,21,22,23,24,25,26,27,28,29,30,31,32,33,34,35,36,37,38,39,40,41,42,43,44,45,46,47,48,49,50,51,52,53,54,55,56,57,58,59,60,61,62,63,64,65,66,67,68,69,70,71,72,73,74,label
1280,-16200,-2608,1256,-16704,-2728,1176,-16648,-2704,1328,-16588,-2524,-1856,-16248,-2912,-360,-17784,-2780,968,-18052,-1876,2756,-21764,-6356,152,-13988,-2392,2164,-16760,-5140,2260,-15384,-2488,-484,-16652,364,5836,-18512,-1788,6028,-15524,-2304,3048,-15320,-1888,6324,-18412,-2940,2728,-17368,-1508,4032,-14768,-3552,448,-18212,-248,2040,-16732,432,2964,-16852,-1160,7344,-15336,-60,7540,-15880,-3304,5412,-17628,-4284,5724,-15228,640,normal
-360,-17784,-2780,968,-18052,-1876,2756,-21764,-6356,152,-13988,-2392,2164,-16760,-5140,2260,-15384,-2488,-484,-16652,364,5836,-18512,-1788,6028,-15524,-2304,3048,-15320,-1888,6324,-18412,-2940,2728,-17368,-1508,4032,-14768,-3552,448,-18212,-248,2040,-16732,432,2964,-16852,-1160,7344,-15336,-60,7540,-15880,-3304,5412,-17628,-4284,5724,-15228,640,4932,-16908,-3112,3048,-16412,-4084,3128,-17552,-3284,-1704,-16916,-700,-1748,-14532,644,normal
2260,-15384,-2488,-484,-16652,364,5836,-18512,-1788,6028,-15524,-2304,3048,-15320,-1888,6324,-18412,-2940,2728,-17368,-1508,4032,-14768,-3552,448,-18212,-248,2040,-16732,432,2964,-16852,-1160,7344,-15336,-60,7540,-15880,-3304,5412,-17628,-4284,5724,-15228,640,4932,-16908,-3112,3048,-16412,-4084,3128,-17552,-3284,-1704,-16916,-700,-1748,-14532,644,1132,-16120,-2016,3324,-16452,-2048,2064,-15712,-2004,-1004,-16272,-2216,1900,-18144,-3476,normal
6324,-18412,-2940,2728,-17368,-1508,4032,-14768,-3552,448,-18212,-248,2040,-16732,432,2964,-16852,-1160,7344,-15336,-60,7540,-15880,-3304,5412,-17628,-4284,5724,-15228,640,4932,-16908,-3112,3048,-16412,-4084,3128,-17552,-3284,-1704,-16916,-700,-1748,-14532,644,1132,-16120,-2016,3324,-16452,-2048,2064,-15712,-2004,-1004,-16272,-2216,1900,-18144,-3476,-1388,-17296,-4184,876,-16196,-4312,4396,-15952,-2152,6296,-14908,-1344,2936,-17544,-2836,normal
2964,-16852,-1160,7344,-15336,-60,7540,-15880,-3304,5412,-17628,-4284,5724,-15228,640,4932,-16908,-3112,3048,-16412,-4084,3128,-17552,-3284,-1704,-16916,-700,-1748,-14532,644,1132,-16120,-2016,3324,-16452,-2048,2064,-15712,-2004,-1004,-16272,-2216,1900,-18144,-3476,-1388,-17296,-4184,876,-16196,-4312,4396,-15952,-2152,6296,-14908,-1344,2936,-17544,-2836,2408,-19120,-6676,712,-16816,-1628,1656,-15096,-1660,3524,-16740,-4480,2608,-15228,-4056,normal
4932,-16908,-3112,3048,-16412,-4084,3128,-17552,-3284,-1704,-16916,-700,-1748,-14532,644,1132,-16120,-2016,3324,-16452,-2048,2064,-15712,-2004,-1004,-16272,-2216,1900,-18144,-3476,-1388,-17296,-4184,876,-16196,-4312,4396,-15952,-2152,6296,-14908,-1344,2936,-17544,-2836,2408,-19120,-6676,712,-16816,-1628,1656,-15096,-1660,3524,-16740,-4480,2608,-15228,-4056,2100,-16080,-1432,3248,-17440,-5380,1884,-15772,-5636,2752,-17464,-5824,3676,-15892,-3272,normal
1132,-16120,-2016,3324,-16452,-2048,2064,-15712,-2004,-1004,-16272,-2216,1900,-18144,-3476,-1388,-17296,-4184,876,-16196,-4312,4396,-15952,-2152,6296,-14908,-1344,2936,-17544,-2836,2408,-19120,-6676,712,-16816,-1628,1656,-15096,-1660,3524,-16740,-4480,2608,-15228,-4056,2100,-16080,-1432,3248,-17440,-5380,1884,-15772,-5636,2752,-17464,-5824,3676,-15892,-3272,5572,-15388,-4160,6972,-15308,-4240,2496,-16824,-5560,1308,-16660,-3368,672,-16684,-2360,normal
-1388,-17296,-4184,876,-16196,-4312,4396,-15952,-2152,6296,-14908,-1344,2936,-17544,-2836,2408,-19120,-6676,712,-16816,-1628,1656,-15096,-1660,3524,-16740,-4480,2608,-15228,-4056,2100,-16080,-1432,3248,-17440,-5380,1884,-15772,-5636,2752,-17464,-5824,3676,-15892,-3272,5572,-15388,-4160,6972,-15308,-4240,2496,-16824,-5560,1308,-16660,-3368,672,-16684,-2360,1012,-16800,-1864,2132,-16224,-3544,1924,-15836,-4172,1712,-18460,-3916,672,-15912,-3300,normal
2408,-19120,-6676,712,-16816,-1628,1656,-15096,-1660,3524,-16740,-4480,2608,-15228,-4056,2100,-16080,-1432,3248,-17440,-5380,1884,-15772,-5636,2752,-17464,-5824,3676,-15892,-3272,5572,-15388,-4160,6972,-15308,-4240,2496,-16824,-5560,1308,-16660,-3368,672,-16684,-2360,1012,-16800,-1864,2132,-16224,-3544,1924,-15836,-4172,1712,-18460,-3916,672,-15912,-3300,1208,-16132,-4420,1048,-20316,-4932,3804,-17068,364,1516,-14188,672,-788,-18416,2208,normal
2100,-16080,-1432,3248,-17440,-5380,1884,-15772,-5636,2752,-17464,-5824,3676,-15892,-3272,5572,-15388,-4160,6972,-15308,-4240,2496,-16824,-5560,1308,-16660,-3368,672,-16684,-2360,1012,-16800,-1864,2132,-16224,-3544,1924,-15836,-4172,1712,-18460,-3916,672,-15912,-3300,1208,-16132,-4420,1048,-20316,-4932,3804,-17068,364,1516,-14188,672,-788,-18416,2208,-676,-16156,940,-3184,-15732,700,-856,-15984,960,3256,-15944,60,4432,-16060,-2512,normal
5572,-15388,-4160,6972,-15308,-4240,2496,-16824,-5560,1308,-16660,-3368,672,-16684,-2360,1012,-16800,-1864,2132,-16224,-3544,1924,-15836,-4172,1712,-18460,-3916,672,-15912,-3300,1208,-16132,-4420,1048,-20316,-4932,3804,-17068,364,1516,-14188,672,-788,-18416,2208,-676,-16156,940,-3184,-15732,700,-856,-15984,960,3256,-15944,60,4432,-16060,-2512,1912,-18012,-2668,1876,-16068,-564,2192,-16332,-1856,1124,-18144,-1232,1628,-15928,-1112,normal
1012,-16800,-1864,2132,-16224,-3544,1924,-15836,-4172,1712,-18460,-3916,672,-15912,-3300,1208,-16132,-4420,1048,-20316,-4932,3804,-17068,364,1516,-14188,672,-788,-18416,2208,-676,-16156,940,-3184,-15732,700,-856,-15984,960,3256,-15944,60,4432,-16060,-2512,1912,-18012,-2668,1876,-16068,-564,2192,-16332,-1856,1124,-18144,-1232,1628,-15928,-1112,620,-16952,-608,2396,-17604,-2324,3044,-16512,-3024,2540,-16684,-1024,4236,-15400,-900,normal
1208,-16132,-4420,1048,-20316,-4932,3804,-17068,364,1516,-14188,672,-788,-18416,2208,-676,-16156,940,-3184,-15732,700,-856,-15984,960,3256,-15944,60,4432,-16060,-2512,1912,-18012,-2668,1876,-16068,-564,2192,-16332,-1856,1124,-18144,-1232,1628,-15928,-1112,620,-16952,-608,2396,-17604,-2324,3044,-16512,-3024,2540,-16684,-1024,4236,-15400,-900,772,-15760,-2332,-1380,-17568,-3036,1840,-16832,-1140,1740,-15620,-872,2688,-17488,-2280,normal
-676,-16156,940,-3184,-15732,700,-856,-15984,960,3256,-15944,60,4432,-16060,-2512,1912,-18012,-2668,1876,-16068,-564,2192,-16332,-1856,1124,-18144,-1232,1628,-15928,-1112,620,-16952,-608,2396,-17604,-2324,3044,-16512,-3024,2540,-16684,-1024,4236,-15400,-900,772,-15760,-2332,-1380,-17568,-3036,1840,-16832,-1140,1740,-15620,-872,2688,-17488,-2280,2580,-16232,-2964,4060,-17264,-628,3900,-16960,-1216,-108,-18520,-4928,-24,-16244,-4580,normal
1912,-18012,-2668,1876,-16068,-564,2192,-16332,-1856,1124,-18144,-1232,1628,-15928,-1112,620,-16952,-608,2396,-17604,-2324,3044,-16512,-3024,2540,-16684,-1024,4236,-15400,-900,772,-15760,-2332,-1380,-17568,-3036,1840,-16832,-1140,1740,-15620,-872,2688,-17488,-2280,2580,-16232,-2964,4060,-17264,-628,3900,-16960,-1216,-108,-18520,-4928,-24,-16244,-4580,992,-16700,-4472,3532,-16104,-3736,3336,-16580,-2896,3208,-16200,-2248,2012,-16160,-2092,normal
620,-16952,-608,2396,-17604,-2324,3044,-16512,-3024,2540,-16684,-1024,4236,-15400,-900,772,-15760,-2332,-1380,-17568,-3036,1840,-16832,-1140,1740,-15620,-872,2688,-17488,-2280,2580,-16232,-2964,4060,-17264,-628,3900,-16960,-1216,-108,-18520,-4928,-24,-16244,-4580,992,-16700,-4472,3532,-16104,-3736,3336,-16580,-2896,3208,-16200,-2248,2012,-16160,-2092,-80,-16844,-2848,220,-16776,-3164,228,-16696,-3148,900,-16652,-3256,1228,-16600,-3076,normal
772,-15760,-2332,-1380,-17568,-3036,1840,-16832,-1140,1740,-15620,-872,2688,-17488,-2280,2580,-16232,-2964,4060,-17264,-628,3900,-16960,-1216,-108,-18520,-4928,-24,-16244,-4580,992,-16700,-4472,3532,-16104,-3736,3336,-16580,-2896,3208,-16200,-2248,2012,-16160,-2092,-80,-16844,-2848,220,-16776,-3164,228,-16696,-3148,900,-16652,-3256,1228,-16600,-3076,1384,-16632,-3348,836,-16500,-3464,1148,-16596,-3708,1964,-16912,-3816,1468,-16756,-4292,normal
2580,-16232,-2964,4060,-17264,-628,3900,-16960,-1216,-108,-18520,-4928,-24,-16244,-4580,992,-16700,-4472,3532,-16104,-3736,3336,-16580,-2896,3208,-16200,-2248,2012,-16160,-2092,-80,-16844,-2848,220,-16776,-3164,228,-16696,-3148,900,-16652,-3256,1228,-16600,-3076,1384,-16632,-3348,836,-16500,-3464,1148,-16596,-3708,1964,-16912,-3816,1468,-16756,-4292,1600,-16696,-3788,1008,-16680,-3056,1328,-16592,-2416,964,-16724,-2356,1220,-17144,-2632,normal
992,-16700,-4472,3532,-16104,-3736,3336,-16580,-2896,3208,-16200,-2248,2012,-16160,-2092,-80,-16844,-2848,220,-16776,-3164,228,-16696,-3148,900,-16652,-3256,1228,-16600,-3076,1384,-16632,-3348,836,-16500,-3464,1148,-16596,-3708,1964,-16912,-3816,1468,-16756,-4292,1600,-16696,-3788,1008,-16680,-3056,1328,-16592,-2416,964,-16724,-2356,1220,-17144,-2632,1280,-16512,-2812,944,-16796,-2988,976,-16788,-3012,864,-16744,-3016,1124,-16748,-3280,normal
-80,-16844,-2848,220,-16776,-3164,228,-16696,-3148,900,-16652,-3256,1228,-16600,-3076,1384,-16632,-3348,836,-16500,-3464,1148,-16596,-3708,1964,-16912,-3816,1468,-16756,-4292,1600,-16696,-3788,1008,-16680,-3056,1328,-16592,-2416,964,-16724,-2356,1220,-17144,-2632,1280,-16512,-2812,944,-16796,-2988,976,-16788,-3012,864,-16744,-3016,1124,-16748,-3280,828,-16692,-3424,1056,-16732,-3328,1008,-16960,-3944,-104,-16880,-2896,1968,-16324,-2804,normal
1384,-16632,-3348,836,-16500,-3464,1148,-16596,-3708,1964,-16912,-3816,1468,-16756,-4292,1600,-16696,-3788,1008,-16680,-3056,1328,-16592,-2416,964,-16724,-2356,1220,-17144,-2632,1280,-16512,-2812,944,-16796,-2988,976,-16788,-3012,864,-16744,-3016,1124,-16748,-3280,828,-16692,-3424,1056,-16732,-3328,1008,-16960,-3944,-104,-16880,-2896,1968,-16324,-2804,3848,-15980,-4032,596,-18564,-3412,2504,-16084,-1784,908,-17212,-2816,-412,-16440,-3704,normal
1600,-16696,-3788,1008,-16680,-3056,1328,-16592,-2416,964,-16724,-2356,1220,-17144,-2632,1280,-16512,-2812,944,-16796,-2988,976,-16788,-3012,864,-16744,-3016,1124,-16748,-3280,828,-16692,-3424,1056,-16732,-3328,1008,-16960,-3944,-104,-16880,-2896,1968,-16324,-2804,3848,-15980,-4032,596,-18564,-3412,2504,-16084,-1784,908,-17212,-2816,-412,-16440,-3704,4140,-16872,-2760,3280,-15352,-144,1640,-15316,-2012,1968,-16256,-2312,3220,-16124,-1648,normal
1280,-16512,-2812,944,-16796,-2988,976,-16788,-3012,864,-16744,-3016,1124,-16748,-3280,828,-16692,-3424,1056,-16732,-3328,1008,-16960,-3944,-104,-16880,-2896,1968,-16324,-2804,3848,-15980,-4032,596,-18564,-3412,2504,-16084,-1784,908,-17212,-2816,-412,-16440,-3704,4140,-16872,-2760,3280,-15352,-144,1640,-15316,-2012,1968,-16256,-2312,3220,-16124,-1648,648,-16012,-3208,1800,-19080,-4156,504,-14532,-2500,2632,-16160,-2320,748,-18620,-3156,normal
828,-16692,-3424,1056,-16732,-3328,1008,-16960,-3944,-104,-16880,-2896,1968,-16324,-2804,3848,-15980,-4032,596,-18564,-3412,2504,-16084,-1784,908,-17212,-2816,-412,-16440,-3704,4140,-16872,-2760,3280,-15352,-144,1640,-15316,-2012,1968,-16256,-2312,3220,-16124,-1648,648,-16012,-3208,1800,-19080,-4156,504,-14532,-2500,2632,-16160,-2320,748,-18620,-3156,4408,-14968,-2432,1136,-16560,-3188,484,-17924,-3936,1764,-15540,-1948,-1228,-18048,-4160,normal
3848,-15980,-4032,596,-18564,-3412,2504,-16084,-1784,908,-17212,-2816,-412,-16440,-3704,4140,-16872,-2760,3280,-15352,-144,1640,-15316,-2012,1968,-16256,-2312,3220,-16124,-1648,648,-16012,-3208,1800,-19080,-4156,504,-14532,-2500,2632,-16160,-2320,748,-18620,-3156,4408,-14968,-2432,1136,-16560,-3188,484,-17924,-3936,1764,-15540,-1948,-1228,-18048,-4160,64,-16564,-3220,2780,-15264,-2928,1756,-16464,-1996,3156,-15880,-1804,1212,-17032,-3440,normal
4140,-16872,-2760,3280,-15352,-144,1640,-15316,-2012,1968,-16256,-2312,3220,-16124,-1648,648,-16012,-3208,1800,-19080,-4156,504,-14532,-2500,2632,-16160,-2320,748,-18620,-3156,4408,-14968,-2432,1136,-16560,-3188,484,-17924,-3936,1764,-15540,-1948,-1228,-18048,-4160,64,-16564,-3220,2780,-15264,-2928,1756,-16464,-1996,3156,-15880,-1804,1212,-17032,-3440,2676,-18016,-6676,816,-15632,-1592,-576,-17820,-3172,2356,-16968,-4868,4260,-16672,-4664,normal
648,-16012,-3208,1800,-19080,-4156,504,-14532,-2500,2632,-16160,-2320,748,-18620,-3156,4408,-14968,-2432,1136,-16560,-3188,484,-17924,-3936,1764,-15540,-1948,-1228,-18048,-4160,64,-16564,-3220,2780,-15264,-2928,1756,-16464,-1996,3156,-15880,-1804,1212,-17032,-3440,2676,-18016,-6676,816,-15632,-1592,-576,-17820,-3172,2356,-16968,-4868,4260,-16672,-4664,3384,-15724,-844,1064,-17572,-2664,-236,-16344,-6204,448,-16632,-5488,1916,-17020,-5076,normal
4408,-14968,-2432,1136,-16560,-3188,484,-17924,-3936,1764,-15540,-1948,-1228,-18048,-4160,64,-16564,-3220,2780,-15264,-2928,1756,-16464,-1996,3156,-15880,-1804,1212,-17032,-3440,2676,-18016,-6676,816,-15632,-1592,-576,-17820,-3172,2356,-16968,-4868,4260,-16672,-4664,3384,-15724,-844,1064,-17572,-2664,-236,-16344,-6204,448,-16632,-5488,1916,-17020,-5076,2352,-17624,-348,5892,-16492,-1120,2300,-17648,-4716,128,-16692,-5956,1528,-15036,-5264,normal
64,-16564,-3220,2780,-15264,-2928,1756,-16464,-1996,3156,-15880,-1804,1212,-17032,-3440,2676,-18016,-6676,816,-15632,-1592,-576,-17820,-3172,2356,-16968,-4868,4260,-16672,-4664,3384,-15724,-844,1064,-17572,-2664,-236,-16344,-6204,448,-16632,-5488,1916,-17020,-5076,2352,-17624,-348,5892,-16492,-1120,2300,-17648,-4716,128,-16692,-5956,1528,-15036,-5264,1684,-17244,-2040,196,-16832,-3460,64,-16660,-3340,1940,-17528,-2196,3008,-15936,-3920,normal
2676,-18016,-6676,816,-15632,-1592,-576,-17820,-3172,2356,-16968,-4868,4260,-16672,-4664,3384,-15724,-844,1064,-17572,-2664,-236,-16344,-6204,448,-16632,-5488,1916,-17020,-5076,2352,-17624,-348,5892,-16492,-1120,2300,-17648,-4716,128,-16692,-5956,1528,-15036,-5264,1684,-17244,-2040,196,-16832,-3460,64,-16660,-3340,1940,-17528,-2196,3008,-15936,-3920,2260,-16168,-3432,1308,-17188,-3468,3016,-14872,-1500,2096,-17296,-1984,2076,-16352,-3992,normal
3384,-15724,-844,1064,-17572,-2664,-236,-16344,-6204,448,-16632,-5488,1916,-17020,-5076,2352,-17624,-348,5892,-16492,-1120,2300,-17648,-4716,128,-16692,-5956,1528,-15036,-5264,1684,-17244,-2040,196,-16832,-3460,64,-16660,-3340,1940,-17528,-2196,3008,-15936,-3920,2260,-16168,-3432,1308,-17188,-3468,3016,-14872,-1500,2096,-17296,-1984,2076,-16352,-3992,1580,-13960,-900,2636,-14816,-3212,-1536,-19064,-1988,-1424,-19056,-2744,1536,-17064,-4512,normal
2352,-17624,-348,5892,-16492,-1120,2300,-17648,-4716,128,-16692,-5956,1528,-15036,-5264,1684,-17244,-2040,196,-16832,-3460,64,-16660,-3340,1940,-17528,-2196,3008,-15936,-3920,2260,-16168,-3432,1308,-17188,-3468,3016,-14872,-1500,2096,-17296,-1984,2076,-16352,-3992,1580,-13960,-900,2636,-14816,-3212,-1536,-19064,-1988,-1424,-19056,-2744,1536,-17064,-4512,3848,-16824,-2292,6096,-16888,-2272,5744,-15888,-672,2428,-15420,-1448,688,-16268,-1620,normal
1684,-17244,-2040,196,-16832,-3460,64,-16660,-3340,1940,-17528,-2196,3008,-15936,-3920,2260,-16168,-3432,1308,-17188,-3468,3016,-14872,-1500,2096,-17296,-1984,2076,-16352,-3992,1580,-13960,-900,2636,-14816,-3212,-1536,-19064,-1988,-1424,-19056,-2744,1536,-17064,-4512,3848,-16824,-2292,6096,-16888,-2272,5744,-15888,-672,2428,-15420,-1448,688,-16268,-1620,2376,-16916,-2056,6380,-15708,-2500,2372,-16216,-2232,-2240,-13772,-5472,-3692,-16152,-2856,normal
2260,-16168,-3432,1308,-17188,-3468,3016,-14872,-1500,2096,-17296,-1984,2076,-16352,-3992,1580,-13960,-900,2636,-14816,-3212,-1536,-19064,-1988,-1424,-19056,-2744,1536,-17064,-4512,3848,-16824,-2292,6096,-16888,-2272,5744,-15888,-672,2428,-15420,-1448,688,-16268,-1620,2376,-16916,-2056,6380,-15708,-2500,2372,-16216,-2232,-2240,-13772,-5472,-3692,-16152,-2856,16,-16160,-128,3780,-17824,-3604,4332,-16256,-3136,3044,-16892,-2528,300,-16224,-2796,normal
1580,-13960,-900,2636,-14816,-3212,-1536,-19064,-1988,-1424,-19056,-2744,1536,-17064,-4512,3848,-16824,-2292,6096,-16888,-2272,5744,-15888,-672,2428,-15420,-1448,688,-16268,-1620,2376,-16916,-2056,6380,-15708,-2500,2372,-16216,-2232,-2240,-13772,-5472,-3692,-16152,-2856,16,-16160,-128,3780,-17824,-3604,4332,-16256,-3136,3044,-16892,-2528,300,-16224,-2796,-724,-17372,-3660,856,-16020,-1632,1000,-17620,-3352,2464,-16684,-724,7388,-14792,-2988,normal
3848,-16824,-2292,6096,-16888,-2272,5744,-15888,-672,2428,-15420,-1448,688,-16268,-1620,2376,-16916,-2056,6380,-15708,-2500,2372,-16216,-2232,-2240,-13772,-5472,-3692,-16152,-2856,16,-16160,-128,3780,-17824,-3604,4332,-16256,-3136,3044,-16892,-2528,300,-16224,-2796,-724,-17372,-3660,856,-16020,-1632,1000,-17620,-3352,2464,-16684,-724,7388,-14792,-2988,7220,-15052,-1556,2328,-15568,-2384,-1176,-17560,-3208,572,-15936,-3708,4088,-17224,-3996,normal
2376,-16916,-2056,6380,-15708,-2500,2372,-16216,-2232,-2240,-13772,-5472,-3692,-16152,-2856,16,-16160,-128,3780,-17824,-3604,4332,-16256,-3136,3044,-16892,-2528,300,-16224,-2796,-724,-17372,-3660,856,-16020,-1632,1000,-17620,-3352,2464,-16684,-724,7388,-14792,-2988,7220,-15052,-1556,2328,-15568,-2384,-1176,-17560,-3208,572,-15936,-3708,4088,-17224,-3996,3584,-16836,-3448,1124,-16696,-3160,624,-16764,-3272,824,-16672,-3168,644,-16988,-4460,normal
16,-16160,-128,3780,-17824,-3604,4332,-16256,-3136,3044,-16892,-2528,300,-16224,-2796,-724,-17372,-3660,856,-16020,-1632,1000,-17620,-3352,2464,-16684,-724,7388,-14792,-2988,7220,-15052,-1556,2328,-15568,-2384,-1176,-17560,-3208,572,-15936,-3708,4088,-17224,-3996,3584,-16836,-3448,1124,-16696,-3160,624,-16764,-3272,824,-16672,-3168,644,-16988,-4460,1232,-16672,-4312,900,-16392,-3920,740,-16584,-4312,780,-16792,-4116,44,-16508,-3480,normal
-724,-17372,-3660,856,-16020,-1632,1000,-17620,-3352,2464,-16684,-724,7388,-14792,-2988,7220,-15052,-1556,2328,-15568,-2384,-1176,-17560,-3208,572,-15936,-3708,4088,-17224,-3996,3584,-16836,-3448,1124,-16696,-3160,624,-16764,-3272,824,-16672,-3168,644,-16988,-4460,1232,-16672,-4312,900,-16392,-3920,740,-16584,-4312,780,-16792,-4116,44,-16508,-3480,712,-16612,-3976,492,-16624,-4012,1188,-17304,-4628,3224,-16096,-2564,2984,-17084,-4044,normal
7220,-15052,-1556,2328,-15568,-2384,-1176,-17560,-3208,572,-15936,-3708,4088,-17224,-3996,3584,-16836,-3448,1124,-16696,-3160,624,-16764,-3272,824,-16672,-3168,644,-16988,-4460,1232,-16672,-4312,900,-16392,-3920,740,-16584,-4312,780,-16792,-4116,44,-16508,-3480,712,-16612,-3976,492,-16624,-4012,1188,-17304,-4628,3224,-16096,-2564,2984,-17084,-4044,2800,-16056,-1176,3528,-15504,-2192,2360,-16748,-2132,2524,-16896,-3372,2380,-16700,-2300,normal
3584,-16836,-3448,1124,-16696,-3160,624,-16764,-3272,824,-16672,-3168,644,-16988,-4460,1232,-16672,-4312,900,-16392,-3920,740,-16584,-4312,780,-16792,-4116,44,-16508,-3480,712,-16612,-3976,492,-16624,-4012,1188,-17304,-4628,3224,-16096,-2564,2984,-17084,-4044,2800,-16056,-1176,3528,-15504,-2192,2360,-16748,-2132,2524,-16896,-3372,2380,-16700,-2300,1704,-16120,-3728,4392,-17144,-4056,1564,-15832,-4644,1208,-17128,-3480,1808,-17216,-2464,normal
1232,-16672,-4312,900,-16392,-3920,740,-16584,-4312,780,-16792,-4116,44,-16508,-3480,712,-16612,-3976,492,-16624,-4012,1188,-17304,-4628,3224,-16096,-2564,2984,-17084,-4044,2800,-16056,-1176,3528,-15504,-2192,2360,-16748,-2132,2524,-16896,-3372,2380,-16700,-2300,1704,-16120,-3728,4392,-17144,-4056,1564,-15832,-4644,1208,-17128,-3480,1808,-17216,-2464,1200,-16960,-3016,1268,-17132,-2720,1708,-16272,-2856,548,-16928,-3052,432,-17128,-2420,normal
712,-16612,-3976,492,-16624,-4012,1188,-17304,-4628,3224,-16096,-2564,2984,-17084,-4044,2800,-16056,-1176,3528,-15504,-2192,2360,-16748,-2132,2524,-16896,-3372,2380,-16700,-2300,1704,-16120,-3728,4392,-17144,-4056,1564,-15832,-4644,1208,-17128,-3480,1808,-17216,-2464,1200,-16960,-3016,1268,-17132,-2720,1708,-16272,-2856,548,-16928,-3052,432,-17128,-2420,812,-16072,-2236,736,-16952,-3404,996,-16696,-3876,888,-16884,-3288,752,-16468,-2612,normal
2800,-16056,-1176,3528,-15504,-2192,2360,-16748,-2132,2524,-16896,-3372,2380,-16700,-2300,1704,-16120,-3728,4392,-17144,-4056,1564,-15832,-4644,1208,-17128,-3480,1808,-17216,-2464,1200,-16960,-3016,1268,-17132,-2720,1708,-16272,-2856,548,-16928,-3052,432,-17128,-2420,812,-16072,-2236,736,-16952,-3404,996,-16696,-3876,888,-16884,-3288,752,-16468,-2612,828,-16936,-4276,592,-16488,-4892,-700,-16916,-3488,856,-16220,-3032,252,-16872,-4600,normal
1704,-16120,-3728,4392,-17144,-4056,1564,-15832,-4644,1208,-17128,-3480,1808,-17216,-2464,1200,-16960,-3016,1268,-17132,-2720,1708,-16272,-2856,548,-16928,-3052,432,-17128,-2420,812,-16072,-2236,736,-16952,-3404,996,-16696,-3876,888,-16884,-3288,752,-16468,-2612,828,-16936,-4276,592,-16488,-4892,-700,-16916,-3488,856,-16220,-3032,252,-16872,-4600,48,-16696,-4736,-216,-16824,-3064,1020,-16004,-2616,872,-16600,-4488,540,-17048,-4036,normal
1200,-16960,-3016,1268,-17132,-2720,1708,-16272,-2856,548,-16928,-3052,432,-17128,-2420,812,-16072,-2236,736,-16952,-3404,996,-16696,-3876,888,-16884,-3288,752,-16468,-2612,828,-16936,-4276,592,-16488,-4892,-700,-16916,-3488,856,-16220,-3032,252,-16872,-4600,48,-16696,-4736,-216,-16824,-3064,1020,-16004,-2616,872,-16600,-4488,540,-17048,-4036,840,-16316,-3048,11288,-13008,-7544,9412,-14120,-7004,8572,-14072,-6840,8644,-13704,-7040,normal
812,-16072,-2236,736,-16952,-3404,996,-16696,-3876,888,-16884,-3288,752,-16468,-2612,828,-16936,-4276,592,-16488,-4892,-700,-16916,-3488,856,-16220,-3032,252,-16872,-4600,48,-16696,-4736,-216,-16824,-3064,1020,-16004,-2616,872,-16600,-4488,540,-17048,-4036,840,-16316,-3048,11288,-13008,-7544,9412,-14120,-7004,8572,-14072,-6840,8644,-13704,-7040,8536,-13756,-6828,8336,-14340,-6888,8624,-13956,-6492,8568,-13844,-6708,8812,-13860,-6660,normal
828,-16936,-4276,592,-16488,-4892,-700,-16916,-3488,856,-16220,-3032,252,-16872,-4600,48,-16696,-4736,-216,-16824,-3064,1020,-16004,-2616,872,-16600,-4488,540,-17048,-4036,840,-16316,-3048,11288,-13008,-7544,9412,-14120,-7004,8572,-14072,-6840,8644,-13704,-7040,8536,-13756,-6828,8336,-14340,-6888,8624,-13956,-6492,8568,-13844,-6708,8812,-13860,-6660,8280,-14072,-6836,8676,-14192,-6780,8816,-14048,-6800,8572,-13904,-6732,8620,-13900,-6636,normal
48,-16696,-4736,-216,-16824,-3064,1020,-16004,-2616,872,-16600,-4488,540,-17048,-4036,840,-16316,-3048,11288,-13008,-7544,9412,-14120,-7004,8572,-14072,-6840,8644,-13704,-7040,8536,-13756,-6828,8336,-14340,-6888,8624,-13956,-6492,8568,-13844,-6708,8812,-13860,-6660,8280,-14072,-6836,8676,-14192,-6780,8816,-14048,-6800,8572,-13904,-6732,8620,-13900,-6636,8936,-13816,-6528,8640,-13980,-6500,8912,-14036,-6500,8572,-13840,-6356,8136,-13988,-6280,normal
840,-16316,-3048,11288,-13008,-7544,9412,-14120,-7004,8572,-14072,-6840,8644,-13704,-7040,8536,-13756,-6828,8336,-14340,-6888,8624,-13956,-6492,8568,-13844,-6708,8812,-13860,-6660,8280,-14072,-6836,8676,-14192,-6780,8816,-14048,-6800,8572,-13904,-6732,8620,-13900,-6636,8936,-13816,-6528,8640,-13980,-6500,8912,-14036,-6500,8572,-13840,-6356,8136,-13988,-6280,8456,-14248,-5148,4952,-15916,-3088,-1388,-16120,-2528,788,-16052,-244,260,-17092,-3248,normal
8536,-13756,-6828,8336,-14340,-6888,8624,-13956,-6492,8568,-13844,-6708,8812,-13860,-6660,8280,-14072,-6836,8676,-14192,-6780,8816,-14048,-6800,8572,-13904,-6732,8620,-13900,-6636,8936,-13816,-6528,8640,-13980,-6500,8912,-14036,-6500,8572,-13840,-6356,8136,-13988,-6280,8456,-14248,-5148,4952,-15916,-3088,-1388,-16120,-2528,788,-16052,-244,260,-17092,-3248,1192,-16892,-3876,1600,-17080,-2772,1296,-15872,-1728,640,-17224,-2664,2276,-17508,-3840,normal
8280,-14072,-6836,8676,-14192,-6780,8816,-14048,-6800,8572,-13904,-6732,8620,-13900,-6636,8936,-13816,-6528,8640,-13980,-6500,8912,-14036,-6500,8572,-13840,-6356,8136,-13988,-6280,8456,-14248,-5148,4952,-15916,-3088,-1388,-16120,-2528,788,-16052,-244,260,-17092,-3248,1192,-16892,-3876,1600,-17080,-2772,1296,-15872,-1728,640,-17224,-2664,2276,-17508,-3840,-216,-16944,-2744,112,-16760,-684,2348,-16936,-704,3476,-16128,-2752,1612,-15728,-1920,normal
8936,-13816,-6528,8640,-13980,-6500,8912,-14036,-6500,8572,-13840,-6356,8136,-13988,-6280,8456,-14248,-5148,4952,-15916,-3088,-1388,-16120,-2528,788,-16052,-244,260,-17092,-3248,1192,-16892,-3876,1600,-17080,-2772,1296,-15872,-1728,640,-17224,-2664,2276,-17508,-3840,-216,-16944,-2744,112,-16760,-684,2348,-16936,-704,3476,-16128,-2752,1612,-15728,-1920,1312,-15152,-52,-348,-16464,-4852,1676,-18016,-4716,2688,-16620,-2824,2732,-16384,-2044,normal
8456,-14248,-5148,4952,-15916,-3088,-1388,-16120,-2528,788,-16052,-244,260,-17092,-3248,1192,-16892,-3876,1600,-17080,-2772,1296,-15872,-1728,640,-17224,-2664,2276,-17508,-3840,-216,-16944,-2744,112,-16760,-684,2348,-16936,-704,3476,-16128,-2752,1612,-15728,-1920,1312,-15152,-52,-348,-16464,-4852,1676,-18016,-4716,2688,-16620,-2824,2732,-16384,-2044,-756,-18228,-4524,-392,-15332,-5252,-900,-17012,-2716,1292,-17388,-2216,3624,-16772,-5208,normal
1192,-16892,-3876,1600,-17080,-2772,1296,-15872,-1728,640,-17224,-2664,2276,-17508,-3840,-216,-16944,-2744,112,-16760,-684,2348,-16936,-704,3476,-16128,-2752,1612,-15728,-1920,1312,-15152,-52,-348,-16464,-4852,1676,-18016,-4716,2688,-16620,-2824,2732,-16384,-2044,-756,-18228,-4524,-392,-15332,-5252,-900,-17012,-2716,1292,-17388,-2216,3624,-16772,-5208,4252,-15628,-5100,3848,-16624,-3484,2444,-16324,-4308,1668,-16028,-4664,2956,-16376,-4864,normal
-216,-16944,-2744,112,-16760,-684,2348,-16936,-704,3476,-16128,-2752,1612,-15728,-1920,1312,-15152,-52,-348,-16464,-4852,1676,-18016,-4716,2688,-16620,-2824,2732,-16384,-2044,-756,-18228,-4524,-392,-15332,-5252,-900,-17012,-2716,1292,-17388,-2216,3624,-16772,-5208,4252,-15628,-5100,3848,-16624,-3484,2444,-16324,-4308,1668,-16028,-4664,2956,-16376,-4864,4048,-16064,-6420,3788,-17636,-7432,-8,-17448,-5824,-1028,-15676,-4908,5448,-16504,-2312,normal
1312,-15152,-52,-348,-16464,-4852,1676,-18016,-4716,2688,-16620,-2824,2732,-16384,-2044,-756,-18228,-4524,-392,-15332,-5252,-900,-17012,-2716,1292,-17388,-2216,3624,-16772,-5208,4252,-15628,-5100,3848,-16624,-3484,2444,-16324,-4308,1668,-16028,-4664,2956,-16376,-4864,4048,-16064,-6420,3788,-17636,-7432,-8,-17448,-5824,-1028,-15676,-4908,5448,-16504,-2312,2508,-15752,-1696,4608,-16928,-860,4660,-16100,-2632,1932,-16556,-1316,1864,-17300,-1748,normal
-756,-18228,-4524,-392,-15332,-5252,-900,-17012,-2716,1292,-17388,-2216,3624,-16772,-5208,4252,-15628,-5100,3848,-16624,-3484,2444,-16324,-4308,1668,-16028,-4664,2956,-16376,-4864,4048,-16064,-6420,3788,-17636,-7432,-8,-17448,-5824,-1028,-15676,-4908,5448,-16504,-2312,2508,-15752,-1696,4608,-16928,-860,4660,-16100,-2632,1932,-16556,-1316,1864,-17300,-1748,-268,-16564,-3932,2100,-16664,-3800,4292,-14388,-1724,3604,-17024,-2844,2876,-16580,-1780,normal
4252,-15628,-5100,3848,-16624,-3484,2444,-16324,-4308,1668,-16028,-4664,2956,-16376,-4864,4048,-16064,-6420,3788,-17636,-7432,-8,-17448,-5824,-1028,-15676,-4908,5448,-16504,-2312,2508,-15752,-1696,4608,-16928,-860,4660,-16100,-2632,1932,-16556,-1316,1864,-17300,-1748,-268,-16564,-3932,2100,-16664,-3800,4292,-14388,-1724,3604,-17024,-2844,2876,-16580,-1780,1472,-17196,-2088,1144,-16148,-3672,5136,-16740,-2296,2808,-14956,-180,524,-15940,-2052,normal
4048,-16064,-6420,3788,-17636,-7432,-8,-17448,-5824,-1028,-15676,-4908,5448,-16504,-2312,2508,-15752,-1696,4608,-16928,-860,4660,-16100,-2632,1932,-16556,-1316,1864,-17300,-1748,-268,-16564,-3932,2100,-16664,-3800,4292,-14388,-1724,3604,-17024,-2844,2876,-16580,-1780,1472,-17196,-2088,1144,-16148,-3672,5136,-16740,-2296,2808,-14956,-180,524,-15940,-2052,756,-16900,-2516,1160,-17048,-3540,260,-19512,-2496,-3040,-16104,-800,592,-17524,-2568,normal
2508,-15752,-1696,4608,-16928,-860,4660,-16100,-2632,1932,-16556,-1316,1864,-17300,-1748,-268,-16564,-3932,2100,-16664,-3800,4292,-14388,-1724,3604,-17024,-2844,2876,-16580,-1780,1472,-17196,-2088,1144,-16148,-3672,5136,-16740,-2296,2808,-14956,-180,524,-15940,-2052,756,-16900,-2516,1160,-17048,-3540,260,-19512,-2496,-3040,-16104,-800,592,-17524,-2568,2788,-13504,-1908,1584,-14052,-2456,3496,-16472,-640,2024,-15532,-5140,1672,-16636,-4868,normal
-268,-16564,-3932,2100,-16664,-3800,4292,-14388,-1724,3604,-17024,-2844,2876,-16580,-1780,1472,-17196,-2088,1144,-16148,-3672,5136,-16740,-2296,2808,-14956,-180,524,-15940,-2052,756,-16900,-2516,1160,-17048,-3540,260,-19512,-2496,-3040,-16104,-800,592,-17524,-2568,2788,-13504,-1908,1584,-14052,-2456,3496,-16472,-640,2024,-15532,-5140,1672,-16636,-4868,1716,-16624,-6176,1984,-16560,-6560,996,-16840,-4312,12,-16360,-4572,-60,-16512,-1320,normal
1472,-17196,-2088,1144,-16148,-3672,5136,-16740,-2296,2808,-14956,-180,524,-15940,-2052,756,-16900,-2516,1160,-17048,-3540,260,-19512,-2496,-3040,-16104,-800,592,-17524,-2568,2788,-13504,-1908,1584,-14052,-2456,3496,-16472,-640,2024,-15532,-5140,1672,-16636,-4868,1716,-16624,-6176,1984,-16560,-6560,996,-16840,-4312,12,-16360,-4572,-60,-16512,-1320,1760,-14828,-2208,1704,-16432,-3300,1920,-17192,-2912,1260,-18780,-3968,1140,-16920,-6388,normal
756,-16900,-2516,1160,-17048,-3540,260,-19512,-2496,-3040,-16104,-800,592,-17524,-2568,2788,-13504,-1908,1584,-14052,-2456,3496,-16472,-640,2024,-15532,-5140,1672,-16636,-4868,1716,-16624,-6176,1984,-16560,-6560,996,-16840,-4312,12,-16360,-4572,-60,-16512,-1320,1760,-14828,-2208,1704,-16432,-3300,1920,-17192,-2912,1260,-18780,-3968,1140,-16920,-6388,3588,-18112,-4444,4360,-14920,-2400,488,-17972,-4096,1456,-16516,-4924,172,-17316,-2884,normal
2788,-13504,-1908,1584,-14052,-2456,3496,-16472,-640,2024,-15532,-5140,1672,-16636,-4868,1716,-16624,-6176,1984,-16560,-6560,996,-16840,-4312,12,-16360,-4572,-60,-16512,-1320,1760,-14828,-2208,1704,-16432,-3300,1920,-17192,-2912,1260,-18780,-3968,1140,-16920,-6388,3588,-18112,-4444,4360,-14920,-2400,488,-17972,-4096,1456,-16516,-4924,172,-17316,-2884,2360,-16344,-1816,1824,-16888,-2560,912,-17708,-2416,968,-16740,-1756,3120,-16864,-1644,normal
1716,-16624,-6176,1984,-16560,-6560,996,-16840,-4312,12,-16360,-4572,-60,-16512,-1320,1760,-14828,-2208,1704,-16432,-3300,1920,-17192,-2912,1260,-18780,-3968,1140,-16920,-6388,3588,-18112,-4444,4360,-14920,-2400,488,-17972,-4096,1456,-16516,-4924,172,-17316,-2884,2360,-16344,-1816,1824,-16888,-2560,912,-17708,-2416,968,-16740,-1756,3120,-16864,-1644,2008,-16852,-1936,84,-16040,-2508,1636,-17304,-1024,2152,-15728,-1708,1808,-14360,-160,normal
1760,-14828,-2208,1704,-16432,-3300,1920,-17192,-2912,1260,-18780,-3968,1140,-16920,-6388,3588,-18112,-4444,4360,-14920,-2400,488,-17972,-4096,1456,-16516,-4924,172,-17316,-2884,2360,-16344,-1816,1824,-16888,-2560,912,-17708,-2416,968,-16740,-1756,3120,-16864,-1644,2008,-16852,-1936,84,-16040,-2508,1636,-17304,-1024,2152,-15728,-1708,1808,-14360,-160,3556,-16568,-940,-2896,-15604,-2100,380,-16508,-208,4544,-14824,2628,3396,-15092,2052,normal
16456,4716,-4204,17056,5740,-2396,17392,1912,-4708,16632,892,-7524,15672,496,-9028,15640,1012,-9364,15400,1824,-9448,13924,4968,-10192,11164,7548,-10624,6416,8212,-14648,2416,10992,-14760,-756,12576,-11164,-2024,14240,-9628,-3732,13876,-6704,-5072,14152,-6968,-5344,14416,-7776,-4916,14360,-7704,-4684,14144,-7792,-4188,14152,-7776,-4504,13964,-7796,-4280,14064,-8516,-2236,14196,-9404,-3056,13708,-9356,-2100,13752,-10272,-104,12940,-11016,fall
15640,1012,-9364,15400,1824,-9448,13924,4968,-10192,11164,7548,-10624,6416,8212,-14648,2416,10992,-14760,-756,12576,-11164,-2024,14240,-9628,-3732,13876,-6704,-5072,14152,-6968,-5344,14416,-7776,-4916,14360,-7704,-4684,14144,-7792,-4188,14152,-7776,-4504,13964,-7796,-4280,14064,-8516,-2236,14196,-9404,-3056,13708,-9356,-2100,13752,-10272,-104,12940,-11016,1412,12648,-12448,2808,11432,-14100,3732,10308,-14252,5004,10952,-14408,7400,10392,-14080,fall
2416,10992,-14760,-756,12576,-11164,-2024,14240,-9628,-3732,13876,-6704,-5072,14152,-6968,-5344,14416,-7776,-4916,14360,-7704,-4684,14144,-7792,-4188,14152,-7776,-4504,13964,-7796,-4280,14064,-8516,-2236,14196,-9404,-3056,13708,-9356,-2100,13752,-10272,-104,12940,-11016,1412,12648,-12448,2808,11432,-14100,3732,10308,-14252,5004,10952,-14408,7400,10392,-14080,10896,9244,-8864,13660,7604,-6292,14872,7024,-9788,14804,3044,-12232,12040,-316,-13676,fall
-5344,14416,-7776,-4916,14360,-7704,-4684,14144,-7792,-4188,14152,-7776,-4504,13964,-7796,-4280,14064,-8516,-2236,14196,-9404,-3056,13708,-9356,-2100,13752,-10272,-104,12940,-11016,1412,12648,-12448,2808,11432,-14100,3732,10308,-14252,5004,10952,-14408,7400,10392,-14080,10896,9244,-8864,13660,7604,-6292,14872,7024,-9788,14804,3044,-12232,12040,-316,-13676,12908,-6800,-10576,12096,-7884,-11204,12100,-9668,-9968,11944,-9684,-10696,8932,-10088,-10696,fall
-4280,14064,-8516,-2236,14196,-9404,-3056,13708,-9356,-2100,13752,-10272,-104,12940,-11016,1412,12648,-12448,2808,11432,-14100,3732,10308,-14252,5004,10952,-14408,7400,10392,-14080,10896,9244,-8864,13660,7604,-6292,14872,7024,-9788,14804,3044,-12232,12040,-316,-13676,12908,-6800,-10576,12096,-7884,-11204,12100,-9668,-9968,11944,-9684,-10696,8932,-10088,-10696,8516,-10448,-11984,9192,-11004,-11168,9348,-10156,-11912,9600,-9784,-11940,10868,-9200,-12184,fall
1412,12648,-12448,2808,11432,-14100,3732,10308,-14252,5004,10952,-14408,7400,10392,-14080,10896,9244,-8864,13660,7604,-6292,14872,7024,-9788,14804,3044,-12232,12040,-316,-13676,12908,-6800,-10576,12096,-7884,-11204,12100,-9668,-9968,11944,-9684,-10696,8932,-10088,-10696,8516,-10448,-11984,9192,-11004,-11168,9348,-10156,-11912,9600,-9784,-11940,10868,-9200,-12184,11492,-8032,-11448,12744,-6436,-10912,14344,-5676,-11372,14720,-2364,-10092,14952,-796,-7568,fall
10896,9244,-8864,13660,7604,-6292,14872,7024,-9788,14804,3044,-12232,12040,-316,-13676,12908,-6800,-10576,12096,-7884,-11204,12100,-9668,-9968,11944,-9684,-10696,8932,-10088,-10696,8516,-10448,-11984,9192,-11004,-11168,9348,-10156,-11912,9600,-9784,-11940,10868,-9200,-12184,11492,-8032,-11448,12744,-6436,-10912,14344,-5676,-11372,14720,-2364,-10092,14952,-796,-7568,19100,2620,-7012,16668,2432,-4748,15704,1956,-6216,16404,1060,-7340,16240,884,-7152,fall
12908,-6800,-10576,12096,-7884,-11204,12100,-9668,-9968,11944,-9684,-10696,8932,-10088,-10696,8516,-10448,-11984,9192,-11004,-11168,9348,-10156,-11912,9600,-9784,-11940,10868,-9200,-12184,11492,-8032,-11448,12744,-6436,-10912,14344,-5676,-11372,14720,-2364,-10092,14952,-796,-7568,19100,2620,-7012,16668,2432,-4748,15704,1956,-6216,16404,1060,-7340,16240,884,-7152,16220,-464,-7884,16396,-576,-8136,16324,1144,-6424,16484,1096,-6892,16632,288,-7108,fall
8516,-10448,-11984,9192,-11004,-11168,9348,-10156,-11912,9600,-9784,-11940,10868,-9200,-12184,11492,-8032,-11448,12744,-6436,-10912,14344,-5676,-11372,14720,-2364,-10092,14952,-796,-7568,19100,2620,-7012,16668,2432,-4748,15704,1956,-6216,16404,1060,-7340,16240,884,-7152,16220,-464,-7884,16396,-576,-8136,16324,1144,-6424,16484,1096,-6892,16632,288,-7108,15604,768,-6800,13648,4952,-412,14648,3960,1552,16208,3692,-468,18040,4996,-364,fall
11492,-8032,-11448,12744,-6436,-10912,14344,-5676,-11372,14720,-2364,-10092,14952,-796,-7568,19100,2620,-7012,16668,2432,-4748,15704,1956,-6216,16404,1060,-7340,16240,884,-7152,16220,-464,-7884,16396,-576,-8136,16324,1144,-6424,16484,1096,-6892,16632,288,-7108,15604,768,-6800,13648,4952,-412,14648,3960,1552,16208,3692,-468,18040,4996,-364,15512,5052,1008,16632,4584,-528,16016,4220,-1444,13608,5504,1684,15092,7896,4324,fall
19100,2620,-7012,16668,2432,-4748,15704,1956,-6216,16404,1060,-7340,16240,884,-7152,16220,-464,-7884,16396,-576,-8136,16324,1144,-6424,16484,1096,-6892,16632,288,-7108,15604,768,-6800,13648,4952,-412,14648,3960,1552,16208,3692,-468,18040,4996,-364,15512,5052,1008,16632,4584,-528,16016,4220,-1444,13608,5504,1684,15092,7896,4324,12764,8240,4932,14788,2064,3536,15460,7684,2504,13844,3332,1364,18848,9688,-2080,fall
16220,-464,-7884,16396,-576,-8136,16324,1144,-6424,16484,1096,-6892,16632,288,-7108,15604,768,-6800,13648,4952,-412,14648,3960,1552,16208,3692,-468,18040,4996,-364,15512,5052,1008,16632,4584,-528,16016,4220,-1444,13608,5504,1684,15092,7896,4324,12764,8240,4932,14788,2064,3536,15460,7684,2504,13844,3332,1364,18848,9688,-2080,13940,4048,-348,18512,2524,-2740,2688,2256,832,15192,2776,2264,17308,4160,-3528,fall
15604,768,-6800,13648,4952,-412,14648,3960,1552,16208,3692,-468,18040,4996,-364,15512,5052,1008,16632,4584,-528,16016,4220,-1444,13608,5504,1684,15092,7896,4324,12764,8240,4932,14788,2064,3536,15460,7684,2504,13844,3332,1364,18848,9688,-2080,13940,4048,-348,18512,2524,-2740,2688,2256,832,15192,2776,2264,17308,4160,-3528,16748,308,-1692,11104,1896,-1368,18040,276,-2196,17328,2008,1356,18492,3028,2520,fall
15512,5052,1008,16632,4584,-528,16016,4220,-1444,13608,5504,1684,15092,7896,4324,12764,8240,4932,14788,2064,3536,15460,7684,2504,13844,3332,1364,18848,9688,-2080,13940,4048,-348,18512,2524,-2740,2688,2256,832,15192,2776,2264,17308,4160,-3528,16748,308,-1692,11104,1896,-1368,18040,276,-2196,17328,2008,1356,18492,3028,2520,14224,-4500,3136,18484,4436,8036,19000,-5004,916,17496,2332,-1072,17544,1956,-1344,fall
12764,8240,4932,14788,2064,3536,15460,7684,2504,13844,3332,1364,18848,9688,-2080,13940,4048,-348,18512,2524,-2740,2688,2256,832,15192,2776,2264,17308,4160,-3528,16748,308,-1692,11104,1896,-1368,18040,276,-2196,17328,2008,1356,18492,3028,2520,14224,-4500,3136,18484,4436,8036,19000,-5004,916,17496,2332,-1072,17544,1956,-1344,17256,1632,-680,15176,5728,3800,10224,7504,7600,11656,6952,8160,10712,6028,8608,fall
13940,4048,-348,18512,2524,-2740,2688,2256,832,15192,2776,2264,17308,4160,-3528,16748,308,-1692,11104,1896,-1368,18040,276,-2196,17328,2008,1356,18492,3028,2520,14224,-4500,3136,18484,4436,8036,19000,-5004,916,17496,2332,-1072,17544,1956,-1344,17256,1632,-680,15176,5728,3800,10224,7504,7600,11656,6952,8160,10712,6028,8608,13368,6492,7316,16060,5576,6472,12388,6164,6284,13132,6604,6884,13592,5532,6012,fall
16748,308,-1692,11104,1896,-1368,18040,276,-2196,17328,2008,1356,18492,3028,2520,14224,-4500,3136,18484,4436,8036,19000,-5004,916,17496,2332,-1072,17544,1956,-1344,17256,1632,-680,15176,5728,3800,10224,7504,7600,11656,6952,8160,10712,6028,8608,13368,6492,7316,16060,5576,6472,12388,6164,6284,13132,6604,6884,13592,5532,6012,13284,5004,6320,14404,4912,5636,14020,4964,5344,16656,3444,4236,14804,5388,4376,fall
14224,-4500,3136,18484,4436,8036,19000,-5004,916,17496,2332,-1072,17544,1956,-1344,17256,1632,-680,15176,5728,3800,10224,7504,7600,11656,6952,8160,10712,6028,8608,13368,6492,7316,16060,5576,6472,12388,6164,6284,13132,6604,6884,13592,5532,6012,13284,5004,6320,14404,4912,5636,14020,4964,5344,16656,3444,4236,14804,5388,4376,15724,4916,3244,15704,4484,1060,12504,4292,4308,16024,5504,1028,14564,4336,5448,fall
17256,1632,-680,15176,5728,3800,10224,7504,7600,11656,6952,8160,10712,6028,8608,13368,6492,7316,16060,5576,6472,12388,6164,6284,13132,6604,6884,13592,5532,6012,13284,5004,6320,14404,4912,5636,14020,4964,5344,16656,3444,4236,14804,5388,4376,15724,4916,3244,15704,4484,1060,12504,4292,4308,16024,5504,1028,14564,4336,5448,12364,6944,5704,15096,1408,5844,14680,1476,5288,16324,1776,4612,12556,2740,7112,fall
13368,6492,7316,16060,5576,6472,12388,6164,6284,13132,6604,6884,13592,5532,6012,13284,5004,6320,14404,4912,5636,14020,4964,5344,16656,3444,4236,14804,5388,4376,15724,4916,3244,15704,4484,1060,12504,4292,4308,16024,5504,1028,14564,4336,5448,12364,6944,5704,15096,1408,5844,14680,1476,5288,16324,1776,4612,12556,2740,7112,14236,4060,5456,16212,-1776,3292,15756,-88,4572,15024,-176,4888,12112,2436,9016,fall
13284,5004,6320,14404,4912,5636,14020,4964,5344,16656,3444,4236,14804,5388,4376,15724,4916,3244,15704,4484,1060,12504,4292,4308,16024,5504,1028,14564,4336,5448,12364,6944,5704,15096,1408,5844,14680,1476,5288,16324,1776,4612,12556,2740,7112,14236,4060,5456,16212,-1776,3292,15756,-88,4572,15024,-176,4888,12112,2436,9016,9072,3520,11332,4648,3548,13108,7744,2704,12592,8808,2432,12700,6684,2776,12700,fall
15724,4916,3244,15704,4484,1060,12504,4292,4308,16024,5504,1028,14564,4336,5448,12364,6944,5704,15096,1408,5844,14680,1476,5288,16324,1776,4612,12556,2740,7112,14236,4060,5456,16212,-1776,3292,15756,-88,4572,15024,-176,4888,12112,2436,9016,9072,3520,11332,4648,3548,13108,7744,2704,12592,8808,2432,12700,6684,2776,12700,8728,3164,12540,8364,3952,12000,9932,4016,10820,10968,3112,10272,10792,3112,10444,fall
12364,6944,5704,15096,1408,5844,14680,1476,5288,16324,1776,4612,12556,2740,7112,14236,4060,5456,16212,-1776,3292,15756,-88,4572,15024,-176,4888,12112,2436,9016,9072,3520,11332,4648,3548,13108,7744,2704,12592,8808,2432,12700,6684,2776,12700,8728,3164,12540,8364,3952,12000,9932,4016,10820,10968,3112,10272,10792,3112,10444,10668,3280,10412,10820,3404,10380,11908,4048,8396,15232,3972,3288,15300,3096,2064,fall
14236,4060,5456,16212,-1776,3292,15756,-88,4572,15024,-176,4888,12112,2436,9016,9072,3520,11332,4648,3548,13108,7744,2704,12592,8808,2432,12700,6684,2776,12700,8728,3164,12540,8364,3952,12000,9932,4016,10820,10968,3112,10272,10792,3112,10444,10668,3280,10412,10820,3404,10380,11908,4048,8396,15232,3972,3288,15300,3096,2064,16832,4316,-2040,16700,3212,-2440,16588,3640,-2240,16420,4264,-2952,576,16488,-3440,fall
9072,3520,11332,4648,3548,13108,7744,2704,12592,8808,2432,12700,6684,2776,12700,8728,3164,12540,8364,3952,12000,9932,4016,10820,10968,3112,10272,10792,3112,10444,10668,3280,10412,10820,3404,10380,11908,4048,8396,15232,3972,3288,15300,3096,2064,16832,4316,-2040,16700,3212,-2440,16588,3640,-2240,16420,4264,-2952,576,16488,-3440,2584,18072,-3668,-716,16416,-7432,-536,14716,-9516,2548,13128,-16384,4912,10424,-14900,fall
8728,3164,12540,8364,3952,12000,9932,4016,10820,10968,3112,10272,10792,3112,10444,10668,3280,10412,10820,3404,10380,11908,4048,8396,15232,3972,3288,15300,3096,2064,16832,4316,-2040,16700,3212,-2440,16588,3640,-2240,16420,4264,-2952,576,16488,-3440,2584,18072,-3668,-716,16416,-7432,-536,14716,-9516,2548,13128,-16384,4912,10424,-14900,-1372,6108,-14540,-5408,4840,-15888,-6844,6460,-16292,-5440,5368,-16368,-1880,2324,-14824,fall
10668,3280,10412,10820,3404,10380,11908,4048,8396,15232,3972,3288,15300,3096,2064,16832,4316,-2040,16700,3212,-2440,16588,3640,-2240,16420,4264,-2952,576,16488,-3440,2584,18072,-3668,-716,16416,-7432,-536,14716,-9516,2548,13128,-16384,4912,10424,-14900,-1372,6108,-14540,-5408,4840,-15888,-6844,6460,-16292,-5440,5368,-16368,-1880,2324,-14824,3772,2160,-20096,1988,1372,-18384,1516,792,-20056,-1952,9948,-21536,-2008,4940,-18188,fall
16832,4316,-2040,16700,3212,-2440,16588,3640,-2240,16420,4264,-2952,576,16488,-3440,2584,18072,-3668,-716,16416,-7432,-536,14716,-9516,2548,13128,-16384,4912,10424,-14900,-1372,6108,-14540,-5408,4840,-15888,-6844,6460,-16292,-5440,5368,-16368,-1880,2324,-14824,3772,2160,-20096,1988,1372,-18384,1516,792,-20056,-1952,9948,-21536,-2008,4940,-18188,-8012,4652,-15356,-8000,2584,-17440,-7300,4348,-15560,-6552,4372,-16884,-6084,2612,-16928,fall
2584,18072,-3668,-716,16416,-7432,-536,14716,-9516,2548,13128,-16384,4912,10424,-14900,-1372,6108,-14540,-5408,4840,-15888,-6844,6460,-16292,-5440,5368,-16368,-1880,2324,-14824,3772,2160,-20096,1988,1372,-18384,1516,792,-20056,-1952,9948,-21536,-2008,4940,-18188,-8012,4652,-15356,-8000,2584,-17440,-7300,4348,-15560,-6552,4372,-16884,-6084,2612,-16928,-7292,2524,-16292,-6852,2260,-16648,-7040,2708,-16632,-6672,2672,-16524,-7208,2648,-16896,fall
-1372,6108,-14540,-5408,4840,-15888,-6844,6460,-16292,-5440,5368,-16368,-1880,2324,-14824,3772,2160,-20096,1988,1372,-18384,1516,792,-20056,-1952,9948,-21536,-2008,4940,-18188,-8012,4652,-15356,-8000,2584,-17440,-7300,4348,-15560,-6552,4372,-16884,-6084,2612,-16928,-7292,2524,-16292,-6852,2260,-16648,-7040,2708,-16632,-6672,2672,-16524,-7208,2648,-16896,-5688,2956,-17160,-5992,2788,-17068,-6020,2000,-17308,9080,3152,-16668,9308,5364,-15124,fall
3772,2160,-20096,1988,1372,-18384,1516,792,-20056,-1952,9948,-21536,-2008,4940,-18188,-8012,4652,-15356,-8000,2584,-17440,-7300,4348,-15560,-6552,4372,-16884,-6084,2612,-16928,-7292,2524,-16292,-6852,2260,-16648,-7040,2708,-16632,-6672,2672,-16524,-7208,2648,-16896,-5688,2956,-17160,-5992,2788,-17068,-6020,2000,-17308,9080,3152,-16668,9308,5364,-15124,10844,6648,-14716,9012,6472,-13176,11912,7080,-13188,8220,8100,-14372,7436,9136,-13792,fall
-8012,4652,-15356,-8000,2584,-17440,-7300,4348,-15560,-6552,4372,-16884,-6084,2612,-16928,-7292,2524,-16292,-6852,2260,-16648,-7040,2708,-16632,-6672,2672,-16524,-7208,2648,-16896,-5688,2956,-17160,-5992,2788,-17068,-6020,2000,-17308,9080,3152,-16668,9308,5364,-15124,10844,6648,-14716,9012,6472,-13176,11912,7080,-13188,8220,8100,-14372,7436,9136,-13792,11676,7404,-10488,13524,564,-7712,12992,-1196,-11324,13344,-1004,-13936,14000,-8008,-10368,fall
-7292,2524,-16292,-6852,2260,-16648,-7040,2708,-16632,-6672,2672,-16524,-7208,2648,-16896,-5688,2956,-17160,-5992,2788,-17068,-6020,2000,-17308,9080,3152,-16668,9308,5364,-15124,10844,6648,-14716,9012,6472,-13176,11912,7080,-13188,8220,8100,-14372,7436,9136,-13792,11676,7404,-10488,13524,564,-7712,12992,-1196,-11324,13344,-1004,-13936,14000,-8008,-10368,14292,-6120,-5836,15332,-6252,-5572,14120,-3056,-4880,10664,-6640,-12624,10928,-15928,-14392,fall
-5688,2956,-17160,-5992,2788,-17068,-6020,2000,-17308,9080,3152,-16668,9308,5364,-15124,10844,6648,-14716,9012,6472,-13176,11912,7080,-13188,8220,8100,-14372,7436,9136,-13792,11676,7404,-10488,13524,564,-7712,12992,-1196,-11324,13344,-1004,-13936,14000,-8008,-10368,14292,-6120,-5836,15332,-6252,-5572,14120,-3056,-4880,10664,-6640,-12624,10928,-15928,-14392,12556,-6192,-8968,9880,-12964,-8864,8340,-12800,-9276,8184,-11916,-11040,6352,-14072,-6944,fall
10844,6648,-14716,9012,6472,-13176,11912,7080,-13188,8220,8100,-14372,7436,9136,-13792,11676,7404,-10488,13524,564,-7712,12992,-1196,-11324,13344,-1004,-13936,14000,-8008,-10368,14292,-6120,-5836,15332,-6252,-5572,14120,-3056,-4880,10664,-6640,-12624,10928,-15928,-14392,12556,-6192,-8968,9880,-12964,-8864,8340,-12800,-9276,8184,-11916,-11040,6352,-14072,-6944,9628,-12492,-9772,7620,-12756,-9796,8280,-12588,-10324,8200,-12980,-9144,7836,-12996,-9680,fall
11676,7404,-10488,13524,564,-7712,12992,-1196,-11324,13344,-1004,-13936,14000,-8008,-10368,14292,-6120,-5836,15332,-6252,-5572,14120,-3056,-4880,10664,-6640,-12624,10928,-15928,-14392,12556,-6192,-8968,9880,-12964,-8864,8340,-12800,-9276,8184,-11916,-11040,6352,-14072,-6944,9628,-12492,-9772,7620,-12756,-9796,8280,-12588,-10324,8200,-12980,-9144,7836,-12996,-9680,8476,-12948,-9516,8452,-13120,-9700,8208,-12792,-9676,8360,-12996,-9680,8252,-13112,-9536,fall
14292,-6120,-5836,15332,-6252,-5572,14120,-3056,-4880,10664,-6640,-12624,10928,-15928,-14392,12556,-6192,-8968,9880,-12964,-8864,8340,-12800,-9276,8184,-11916,-11040,6352,-14072,-6944,9628,-12492,-9772,7620,-12756,-9796,8280,-12588,-10324,8200,-12980,-9144,7836,-12996,-9680,8476,-12948,-9516,8452,-13120,-9700,8208,-12792,-9676,8360,-12996,-9680,8252,-13112,-9536,8408,-13040,-9520,8032,-13128,-9460,7728,-13012,-9532,7972,-13016,-9500,7900,-12992,-9436,fall
12556,-6192,-8968,9880,-12964,-8864,8340,-12800,-9276,8184,-11916,-11040,6352,-14072,-6944,9628,-12492,-9772,7620,-12756,-9796,8280,-12588,-10324,8200,-12980,-9144,7836,-12996,-9680,8476,-12948,-9516,8452,-13120,-9700,8208,-12792,-9676,8360,-12996,-9680,8252,-13112,-9536,8408,-13040,-9520,8032,-13128,-9460,7728,-13012,-9532,7972,-13016,-9500,7900,-12992,-9436,7840,-12968,-9388,7832,-12764,-9496,8092,-13276,-9420,7872,-12988,-9420,8184,-12920,-9504,fall
9628,-12492,-9772,7620,-12756,-9796,8280,-12588,-10324,8200,-12980,-9144,7836,-12996,-9680,8476,-12948,-9516,8452,-13120,-9700,8208,-12792,-9676,8360,-12996,-9680,8252,-13112,-9536,8408,-13040,-9520,8032,-13128,-9460,7728,-13012,-9532,7972,-13016,-9500,7900,-12992,-9436,7840,-12968,-9388,7832,-12764,-9496,8092,-13276,-9420,7872,-12988,-9420,8184,-12920,-9504,8004,-13268,-9684,8024,-13044,-9492,7940,-13124,-9408,8048,-13164,-9480,7940,-13264,-9492,fall
8476,-12948,-9516,8452,-13120,-9700,8208,-12792,-9676,8360,-12996,-9680,8252,-13112,-9536,8408,-13040,-9520,8032,-13128,-9460,7728,-13012,-9532,7972,-13016,-9500,7900,-12992,-9436,7840,-12968,-9388,7832,-12764,-9496,8092,-13276,-9420,7872,-12988,-9420,8184,-12920,-9504,8004,-13268,-9684,8024,-13044,-9492,7940,-13124,-9408,8048,-13164,-9480,7940,-13264,-9492,8184,-13204,-9368,7856,-13120,-9480,8032,-13036,-9612,8032,-12400,-10564,8148,-12416,-11100,fall
8408,-13040,-9520,8032,-13128,-9460,7728,-13012,-9532,7972,-13016,-9500,7900,-12992,-9436,7840,-12968,-9388,7832,-12764,-9496,8092,-13276,-9420,7872,-12988,-9420,8184,-12920,-9504,8004,-13268,-9684,8024,-13044,-9492,7940,-13124,-9408,8048,-13164,-9480,7940,-13264,-9492,8184,-13204,-9368,7856,-13120,-9480,8032,-13036,-9612,8032,-12400,-10564,8148,-12416,-11100,12312,-8048,-12568,13100,-3900,-9844,14036,-1132,-6176,18092,-808,-8156,19072,-692,-8956,fall
7840,-12968,-9388,7832,-12764,-9496,8092,-13276,-9420,7872,-12988,-9420,8184,-12920,-9504,8004,-13268,-9684,8024,-13044,-9492,7940,-13124,-9408,8048,-13164,-9480,7940,-13264,-9492,8184,-13204,-9368,7856,-13120,-9480,8032,-13036,-9612,8032,-12400,-10564,8148,-12416,-11100,12312,-8048,-12568,13100,-3900,-9844,14036,-1132,-6176,18092,-808,-8156,19072,-692,-8956,16632,-2024,-8180,15068,-752,-7888,15828,-812,-8256,17052,-1968,-8692,15924,-1816,-9408,fall
8004,-13268,-9684,8024,-13044,-9492,7940,-13124,-9408,8048,-13164,-9480,7940,-13264,-9492,8184,-13204,-9368,7856,-13120,-9480,8032,-13036,-9612,8032,-12400,-10564,8148,-12416,-11100,12312,-8048,-12568,13100,-3900,-9844,14036,-1132,-6176,18092,-808,-8156,19072,-692,-8956,16632,-2024,-8180,15068,-752,-7888,15828,-812,-8256,17052,-1968,-8692,15924,-1816,-9408,15664,-1840,-8940,15644,-1424,-8984,15672,-1400,-8912,15352,-1464,-9048,14840,-1772,-9436,fall
8184,-13204,-9368,7856,-13120,-9480,8032,-13036,-9612,8032,-12400,-10564,8148,-12416,-11100,12312,-8048,-12568,13100,-3900,-9844,14036,-1132,-6176,18092,-808,-8156,19072,-692,-8956,16632,-2024,-8180,15068,-752,-7888,15828,-812,-8256,17052,-1968,-8692,15924,-1816,-9408,15664,-1840,-8940,15644,-1424,-8984,15672,-1400,-8912,15352,-1464,-9048,14840,-1772,-9436,13696,-2452,-9208,14648,-2504,-9360,15512,-2352,-9452,15564,-3072,-8740,15200,-2712,-9148,fall
12312,-8048,-12568,13100,-3900,-9844,14036,-1132,-6176,18092,-808,-8156,19072,-692,-8956,16632,-2024,-8180,15068,-752,-7888,15828,-812,-8256,17052,-1968,-8692,15924,-1816,-9408,15664,-1840,-8940,15644,-1424,-8984,15672,-1400,-8912,15352,-1464,-9048,14840,-1772,-9436,13696,-2452,-9208,14648,-2504,-9360,15512,-2352,-9452,15564,-3072,-8740,15200,-2712,-9148,15036,-2584,-9432,15384,-2396,-9196,15204,-2308,-9540,15368,-2168,-9920,15216,-2404,-9184,fall
16632,-2024,-8180,15068,-752,-7888,15828,-812,-8256,17052,-1968,-8692,15924,-1816,-9408,15664,-1840,-8940,15644,-1424,-8984,15672,-1400,-8912,15352,-1464,-9048,14840,-1772,-9436,13696,-2452,-9208,14648,-2504,-9360,15512,-2352,-9452,15564,-3072,-8740,15200,-2712,-9148,15036,-2584,-9432,15384,-2396,-9196,15204,-2308,-9540,15368,-2168,-9920,15216,-2404,-9184,15400,-2560,-9548,15064,-2716,-9548,15516,-2532,-9720,14832,-2136,-10608,15020,-2556,-10632,fall
15664,-1840,-8940,15644,-1424,-8984,15672,-1400,-8912,15352,-1464,-9048,14840,-1772,-9436,13696,-2452,-9208,14648,-2504,-9360,15512,-2352,-9452,15564,-3072,-8740,15200,-2712,-9148,15036,-2584,-9432,15384,-2396,-9196,15204,-2308,-9540,15368,-2168,-9920,15216,-2404,-9184,15400,-2560,-9548,15064,-2716,-9548,15516,-2532,-9720,14832,-2136,-10608,15020,-2556,-10632,14208,-3120,-10052,14964,-2932,-10808,15012,-1892,-9824,15320,-2468,-10056,15060,-2412,-9896,fall
13696,-2452,-9208,14648,-2504,-9360,15512,-2352,-9452,15564,-3072,-8740,15200,-2712,-9148,15036,-2584,-9432,15384,-2396,-9196,15204,-2308,-9540,15368,-2168,-9920,15216,-2404,-9184,15400,-2560,-9548,15064,-2716,-9548,15516,-2532,-9720,14832,-2136,-10608,15020,-2556,-10632,14208,-3120,-10052,14964,-2932,-10808,15012,-1892,-9824,15320,-2468,-10056,15060,-2412,-9896,15032,-2392,-10016,15060,-2376,-9856,15304,-2124,-9604,15916,-2012,-8676,15656,-2132,-8760,fall
15036,-2584,-9432,15384,-2396,-9196,15204,-2308,-9540,15368,-2168,-9920,15216,-2404,-9184,15400,-2560,-9548,15064,-2716,-9548,15516,-2532,-9720,14832,-2136,-10608,15020,-2556,-10632,14208,-3120,-10052,14964,-2932,-10808,15012,-1892,-9824,15320,-2468,-10056,15060,-2412,-9896,15032,-2392,-10016,15060,-2376,-9856,15304,-2124,-9604,15916,-2012,-8676,15656,-2132,-8760,13368,-1128,-9996,15208,-1792,-10108,15584,-1840,-9968,15516,-2256,-9976,15588,-3432,-10064,fall
15400,-2560,-9548,15064,-2716,-9548,15516,-2532,-9720,14832,-2136,-10608,15020,-2556,-10632,14208,-3120,-10052,14964,-2932,-10808,15012,-1892,-9824,15320,-2468,-10056,15060,-2412,-9896,15032,-2392,-10016,15060,-2376,-9856,15304,-2124,-9604,15916,-2012,-8676,15656,-2132,-8760,13368,-1128,-9996,15208,-1792,-10108,15584,-1840,-9968,15516,-2256,-9976,15588,-3432,-10064,15800,-384,-13280,11844,-588,-13528,12692,-1852,-15672,13448,-3296,-10840,22728,1756,-12860,fall
14208,-3120,-10052,14964,-2932,-10808,15012,-1892,-9824,15320,-2468,-10056,15060,-2412,-9896,15032,-2392,-10016,15060,-2376,-9856,15304,-2124,-9604,15916,-2012,-8676,15656,-2132,-8760,13368,-1128,-9996,15208,-1792,-10108,15584,-1840,-9968,15516,-2256,-9976,15588,-3432,-10064,15800,-384,-13280,11844,-588,-13528,12692,-1852,-15672,13448,-3296,-10840,22728,1756,-12860,12832,-108,-10788,19432,-648,-10260,16536,-1396,-7972,17328,-1588,-8620,16748,-4772,-7972,fall
15032,-2392,-10016,15060,-2376,-9856,15304,-2124,-9604,15916,-2012,-8676,15656,-2132,-8760,13368,-1128,-9996,15208,-1792,-10108,15584,-1840,-9968,15516,-2256,-9976,15588,-3432,-10064,15800,-384,-13280,11844,-588,-13528,12692,-1852,-15672,13448,-3296,-10840,22728,1756,-12860,12832,-108,-10788,19432,-648,-10260,16536,-1396,-7972,17328,-1588,-8620,16748,-4772,-7972,13096,-2632,-10116,14988,-7016,-6236,13532,-6268,-7428,14364,-5904,-6740,14744,-7876,-8352,fall
13368,-1128,-9996,15208,-1792,-10108,15584,-1840,-9968,15516,-2256,-9976,15588,-3432,-10064,15800,-384,-13280,11844,-588,-13528,12692,-1852,-15672,13448,-3296,-10840,22728,1756,-12860,12832,-108,-10788,19432,-648,-10260,16536,-1396,-7972,17328,-1588,-8620,16748,-4772,-7972,13096,-2632,-10116,14988,-7016,-6236,13532,-6268,-7428,14364,-5904,-6740,14744,-7876,-8352,12696,-3120,-12808,11528,220,-11432,8476,9004,-12948,6556,10748,-12628,1980,13396,-10640,fall
15800,-384,-13280,11844,-588,-13528,12692,-1852,-15672,13448,-3296,-10840,22728,1756,-12860,12832,-108,-10788,19432,-648,-10260,16536,-1396,-7972,17328,-1588,-8620,16748,-4772,-7972,13096,-2632,-10116,14988,-7016,-6236,13532,-6268,-7428,14364,-5904,-6740,14744,-7876,-8352,12696,-3120,-12808,11528,220,-11432,8476,9004,-12948,6556,10748,-12628,1980,13396,-10640,3024,12980,-12444,-4052,13536,-10720,-740,12532,-12008,2804,10864,-14748,-1824,12660,-11828,fall
12832,-108,-10788,19432,-648,-10260,16536,-1396,-7972,17328,-1588,-8620,16748,-4772,-7972,13096,-2632,-10116,14988,-7016,-6236,13532,-6268,-7428,14364,-5904,-6740,14744,-7876,-8352,12696,-3120,-12808,11528,220,-11432,8476,9004,-12948,6556,10748,-12628,1980,13396,-10640,3024,12980,-12444,-4052,13536,-10720,-740,12532,-12008,2804,10864,-14748,-1824,12660,-11828,-6704,11812,-10044,-6664,12516,-9004,-6852,12804,-6988,-8728,12080,-9124,-8136,12508,-8608,fall
13096,-2632,-10116,14988,-7016,-6236,13532,-6268,-7428,14364,-5904,-6740,14744,-7876,-8352,12696,-3120,-12808,11528,220,-11432,8476,9004,-12948,6556,10748,-12628,1980,13396,-10640,3024,12980,-12444,-4052,13536,-10720,-740,12532,-12008,2804,10864,-14748,-1824,12660,-11828,-6704,11812,-10044,-6664,12516,-9004,-6852,12804,-6988,-8728,12080,-9124,-8136,12508,-8608,-8160,12188,-8112,-7876,12468,-8524,-7856,12416,-8152,-8072,12424,-8044,-7604,12424,-8084,fall
12696,-3120,-12808,11528,220,-11432,8476,9004,-12948,6556,10748,-12628,1980,13396,-10640,3024,12980,-12444,-4052,13536,-10720,-740,12532,-12008,2804,10864,-14748,-1824,12660,-11828,-6704,11812,-10044,-6664,12516,-9004,-6852,12804,-6988,-8728,12080,-9124,-8136,12508,-8608,-8160,12188,-8112,-7876,12468,-8524,-7856,12416,-8152,-8072,12424,-8044,-7604,12424,-8084,-9724,12284,-10072,-5340,11372,-12060,-8116,8824,-13412,-7044,7632,-15436,-6900,6756,-15096,fall
3024,12980,-12444,-4052,13536,-10720,-740,12532,-12008,2804,10864,-14748,-1824,12660,-11828,-6704,11812,-10044,-6664,12516,-9004,-6852,12804,-6988,-8728,12080,-9124,-8136,12508,-8608,-8160,12188,-8112,-7876,12468,-8524,-7856,12416,-8152,-8072,12424,-8044,-7604,12424,-8084,-9724,12284,-10072,-5340,11372,-12060,-8116,8824,-13412,-7044,7632,-15436,-6900,6756,-15096,-6852,6652,-14716,-4896,7068,-15748,-5512,6504,-15360,-3000,5804,-16800,-4740,7524,-9736,fall
-6704,11812,-10044,-6664,12516,-9004,-6852,12804,-6988,-8728,12080,-9124,-8136,12508,-8608,-8160,12188,-8112,-7876,12468,-8524,-7856,12416,-8152,-8072,12424,-8044,-7604,12424,-8084,-9724,12284,-10072,-5340,11372,-12060,-8116,8824,-13412,-7044,7632,-15436,-6900,6756,-15096,-6852,6652,-14716,-4896,7068,-15748,-5512,6504,-15360,-3000,5804,-16800,-4740,7524,-9736,-8428,-56,-16556,-8948,416,-16916,-8608,720,-16464,-8636,744,-16212,-8376,440,-16068,fall
-8160,12188,-8112,-7876,12468,-8524,-7856,12416,-8152,-8072,12424,-8044,-7604,12424,-8084,-9724,12284,-10072,-5340,11372,-12060,-8116,8824,-13412,-7044,7632,-15436,-6900,6756,-15096,-6852,6652,-14716,-4896,7068,-15748,-5512,6504,-15360,-3000,5804,-16800,-4740,7524,-9736,-8428,-56,-16556,-8948,416,-16916,-8608,720,-16464,-8636,744,-16212,-8376,440,-16068,-8648,800,-16088,-8336,1144,-15616,-7876,920,-16052,-8572,596,-15984,-8112,788,-15536,fall
-9724,12284,-10072,-5340,11372,-12060,-8116,8824,-13412,-7044,7632,-15436,-6900,6756,-15096,-6852,6652,-14716,-4896,7068,-15748,-5512,6504,-15360,-3000,5804,-16800,-4740,7524,-9736,-8428,-56,-16556,-8948,416,-16916,-8608,720,-16464,-8636,744,-16212,-8376,440,-16068,-8648,800,-16088,-8336,1144,-15616,-7876,920,-16052,-8572,596,-15984,-8112,788,-15536,-8332,976,-15564,-6924,-244,-17380,-7932,-332,-15120,-8864,428,-15392,-8396,1340,-14956,fall
-6852,6652,-14716,-4896,7068,-15748,-5512,6504,-15360,-3000,5804,-16800,-4740,7524,-9736,-8428,-56,-16556,-8948,416,-16916,-8608,720,-16464,-8636,744,-16212,-8376,440,-16068,-8648,800,-16088,-8336,1144,-15616,-7876,920,-16052,-8572,596,-15984,-8112,788,-15536,-8332,976,-15564,-6924,-244,-17380,-7932,-332,-15120,-8864,428,-15392,-8396,1340,-14956,-8996,944,-15740,-8712,888,-15608,-8828,1128,-15532,-8436,652,-14992,-8120,524,-16116,fall
-8428,-56,-16556,-8948,416,-16916,-8608,720,-16464,-8636,744,-16212,-8376,440,-16068,-8648,800,-16088,-8336,1144,-15616,-7876,920,-16052,-8572,596,-15984,-8112,788,-15536,-8332,976,-15564,-6924,-244,-17380,-7932,-332,-15120,-8864,428,-15392,-8396,1340,-14956,-8996,944,-15740,-8712,888,-15608,-8828,1128,-15532,-8436,652,-14992,-8120,524,-16116,-8580,528,-15940,-8352,340,-15916,-8568,576,-15820,-8508,580,-15920,-8460,632,-16000,fall
-8648,800,-16088,-8336,1144,-15616,-7876,920,-16052,-8572,596,-15984,-8112,788,-15536,-8332,976,-15564,-6924,-244,-17380,-7932,-332,-15120,-8864,428,-15392,-8396,1340,-14956,-8996,944,-15740,-8712,888,-15608,-8828,1128,-15532,-8436,652,-14992,-8120,524,-16116,-8580,528,-15940,-8352,340,-15916,-8568,576,-15820,-8508,580,-15920,-8460,632,-16000,-8756,644,-16288,-6016,984,-13144,-7716,940,-15092,-7860,2732,-14128,-8116,844,-17540,fall
-8332,976,-15564,-6924,-244,-17380,-7932,-332,-15120,-8864,428,-15392,-8396,1340,-14956,-8996,944,-15740,-8712,888,-15608,-8828,1128,-15532,-8436,652,-14992,-8120,524,-16116,-8580,528,-15940,-8352,340,-15916,-8568,576,-15820,-8508,580,-15920,-8460,632,-16000,-8756,644,-16288,-6016,984,-13144,-7716,940,-15092,-7860,2732,-14128,-8116,844,-17540,-6484,868,-17808,-10128,1376,-17392,-7896,1440,-15748,-6812,900,-16840,-10368,500,-14968,fall
-8996,944,-15740,-8712,888,-15608,-8828,1128,-15532,-8436,652,-14992,-8120,524,-16116,-8580,528,-15940,-8352,340,-15916,-8568,576,-15820,-8508,580,-15920,-8460,632,-16000,-8756,644,-16288,-6016,984,-13144,-7716,940,-15092,-7860,2732,-14128,-8116,844,-17540,-6484,868,-17808,-10128,1376,-17392,-7896,1440,-15748,-6812,900,-16840,-10368,500,-14968,-6324,1460,-19000,-4376,4288,-18100,-604,5360,-17588,-2756,8032,-17152,6424,7700,-14776,fall
-8580,528,-15940,-8352,340,-15916,-8568,576,-15820,-8508,580,-15920,-8460,632,-16000,-8756,644,-16288,-6016,984,-13144,-7716,940,-15092,-7860,2732,-14128,-8116,844,-17540,-6484,868,-17808,-10128,1376,-17392,-7896,1440,-15748,-6812,900,-16840,-10368,500,-14968,-6324,1460,-19000,-4376,4288,-18100,-604,5360,-17588,-2756,8032,-17152,6424,7700,-14776,18352,808,-5612,18704,-2980,-10784,13156,-2528,-12872,13240,-2704,-11660,13268,-2736,-12720,fall
-8756,644,-16288,-6016,984,-13144,-7716,940,-15092,-7860,2732,-14128,-8116,844,-17540,-6484,868,-17808,-10128,1376,-17392,-7896,1440,-15748,-6812,900,-16840,-10368,500,-14968,-6324,1460,-19000,-4376,4288,-18100,-604,5360,-17588,-2756,8032,-17152,6424,7700,-14776,18352,808,-5612,18704,-2980,-10784,13156,-2528,-12872,13240,-2704,-11660,13268,-2736,-12720,12388,-2796,-13068,12504,-3024,-13532,11144,-3128,-14644,10328,-2944,-15184,14804,-1632,-11160,fall
-6484,868,-17808,-10128,1376,-17392,-7896,1440,-15748,-6812,900,-16840,-10368,500,-14968,-6324,1460,-19000,-4376,4288,-18100,-604,5360,-17588,-2756,8032,-17152,6424,7700,-14776,18352,808,-5612,18704,-2980,-10784,13156,-2528,-12872,13240,-2704,-11660,13268,-2736,-12720,12388,-2796,-13068,12504,-3024,-13532,11144,-3128,-14644,10328,-2944,-15184,14804,-1632,-11160,14364,-1564,-11392,15336,-472,-11772,14184,2496,-7584,16512,3924,-7188,21404,5904,-8276,fall
-6324,1460,-19000,-4376,4288,-18100,-604,5360,-17588,-2756,8032,-17152,6424,7700,-14776,18352,808,-5612,18704,-2980,-10784,13156,-2528,-12872,13240,-2704,-11660,13268,-2736,-12720,12388,-2796,-13068,12504,-3024,-13532,11144,-3128,-14644,10328,-2944,-15184,14804,-1632,-11160,14364,-1564,-11392,15336,-472,-11772,14184,2496,-7584,16512,3924,-7188,21404,5904,-8276,18600,8080,-4016,16400,5340,-5464,15348,5204,-5440,16212,5944,-4128,14576,7032,-1552,fall
18352,808,-5612,18704,-2980,-10784,13156,-2528,-12872,13240,-2704,-11660,13268,-2736,-12720,12388,-2796,-13068,12504,-3024,-13532,11144,-3128,-14644,10328,-2944,-15184,14804,-1632,-11160,14364,-1564,-11392,15336,-472,-11772,14184,2496,-7584,16512,3924,-7188,21404,5904,-8276,18600,8080,-4016,16400,5340,-5464,15348,5204,-5440,16212,5944,-4128,14576,7032,-1552,12740,12452,2696,14284,6972,6600,3268,4264,9324,10132,2804,13092,6572,5780,12732,fall
12388,-2796,-13068,12504,-3024,-13532,11144,-3128,-14644,10328,-2944,-15184,14804,-1632,-11160,14364,-1564,-11392,15336,-472,-11772,14184,2496,-7584,16512,3924,-7188,21404,5904,-8276,18600,8080,-4016,16400,5340,-5464,15348,5204,-5440,16212,5944,-4128,14576,7032,-1552,12740,12452,2696,14284,6972,6600,3268,4264,9324,10132,2804,13092,6572,5780,12732,456,1060,12212,1668,56,14340,644,296,15968,-8072,2180,15532,-820,-1652,15972,fall
14364,-1564,-11392,15336,-472,-11772,14184,2496,-7584,16512,3924,-7188,21404,5904,-8276,18600,8080,-4016,16400,5340,-5464,15348,5204,-5440,16212,5944,-4128,14576,7032,-1552,12740,12452,2696,14284,6972,6600,3268,4264,9324,10132,2804,13092,6572,5780,12732,456,1060,12212,1668,56,14340,644,296,15968,-8072,2180,15532,-820,-1652,15972,-2256,992,16432,-5828,-3688,15164,-10488,8172,8272,-12296,-1424,12200,-11572,-2132,8272,fall
18600,8080,-4016,16400,5340,-5464,15348,5204,-5440,16212,5944,-4128,14576,7032,-1552,12740,12452,2696,14284,6972,6600,3268,4264,9324,10132,2804,13092,6572,5780,12732,456,1060,12212,1668,56,14340,644,296,15968,-8072,2180,15532,-820,-1652,15972,-2256,992,16432,-5828,-3688,15164,-10488,8172,8272,-12296,-1424,12200,-11572,-2132,8272,-11904,-8696,4356,-12628,-8312,4492,-10240,-1688,6128,-13164,-4896,4724,-7600,-9056,6496,fall
12740,12452,2696,14284,6972,6600,3268,4264,9324,10132,2804,13092,6572,5780,12732,456,1060,12212,1668,56,14340,644,296,15968,-8072,2180,15532,-820,-1652,15972,-2256,992,16432,-5828,-3688,15164,-10488,8172,8272,-12296,-1424,12200,-11572,-2132,8272,-11904,-8696,4356,-12628,-8312,4492,-10240,-1688,6128,-13164,-4896,4724,-7600,-9056,6496,-10292,-11352,5120,-9244,-11844,4516,-9504,-11272,4384,-9872,-11156,4340,-10248,-11032,4412,fall
456,1060,12212,1668,56,14340,644,296,15968,-8072,2180,15532,-820,-1652,15972,-2256,992,16432,-5828,-3688,15164,-10488,8172,8272,-12296,-1424,12200,-11572,-2132,8272,-11904,-8696,4356,-12628,-8312,4492,-10240,-1688,6128,-13164,-4896,4724,-7600,-9056,6496,-10292,-11352,5120,-9244,-11844,4516,-9504,-11272,4384,-9872,-11156,4340,-10248,-11032,4412,-10392,-10836,4672,-10104,-10768,4512,-10240,-10908,3268,-10988,-10936,2820,-10640,-10908,3604,fall
-2256,992,16432,-5828,-3688,15164,-10488,8172,8272,-12296,-1424,12200,-11572,-2132,8272,-11904,-8696,4356,-12628,-8312,4492,-10240,-1688,6128,-13164,-4896,4724,-7600,-9056,6496,-10292,-11352,5120,-9244,-11844,4516,-9504,-11272,4384,-9872,-11156,4340,-10248,-11032,4412,-10392,-10836,4672,-10104,-10768,4512,-10240,-10908,3268,-10988,-10936,2820,-10640,-10908,3604,-10436,-10896,3908,-10568,-10672,4164,-11116,-8900,5860,-10728,-9000,6632,-9976,-8488,7284,fall
-11904,-8696,4356,-12628,-8312,4492,-10240,-1688,6128,-13164,-4896,4724,-7600,-9056,6496,-10292,-11352,5120,-9244,-11844,4516,-9504,-11272,4384,-9872,-11156,4340,-10248,-11032,4412,-10392,-10836,4672,-10104,-10768,4512,-10240,-10908,3268,-10988,-10936,2820,-10640,-10908,3604,-10436,-10896,3908,-10568,-10672,4164,-11116,-8900,5860,-10728,-9000,6632,-9976,-8488,7284,-9628,-9876,5984,-10200,-10504,4588,-10632,-10076,4168,-11648,-9932,3592,-11440,-10408,3680,fall
-10292,-11352,5120,-9244,-11844,4516,-9504,-11272,4384,-9872,-11156,4340,-10248,-11032,4412,-10392,-10836,4672,-10104,-10768,4512,-10240,-10908,3268,-10988,-10936,2820,-10640,-10908,3604,-10436,-10896,3908,-10568,-10672,4164,-11116,-8900,5860,-10728,-9000,6632,-9976,-8488,7284,-9628,-9876,5984,-10200,-10504,4588,-10632,-10076,4168,-11648,-9932,3592,-11440,-10408,3680,-11196,-10128,3716,-1676,-15196,6084,6660,-12340,8556,196,-6688,10968,6648,-9492,13552,fall
-10392,-10836,4672,-10104,-10768,4512,-10240,-10908,3268,-10988,-10936,2820,-10640,-10908,3604,-10436,-10896,3908,-10568,-10672,4164,-11116,-8900,5860,-10728,-9000,6632,-9976,-8488,7284,-9628,-9876,5984,-10200,-10504,4588,-10632,-10076,4168,-11648,-9932,3592,-11440,-10408,3680,-11196,-10128,3716,-1676,-15196,6084,6660,-12340,8556,196,-6688,10968,6648,-9492,13552,4716,-8488,11784,5836,-8340,11336,5864,-7064,12092,5952,-7640,11740,6176,-7644,11896,fall
-10436,-10896,3908,-10568,-10672,4164,-11116,-8900,5860,-10728,-9000,6632,-9976,-8488,7284,-9628,-9876,5984,-10200,-10504,4588,-10632,-10076,4168,-11648,-9932,3592,-11440,-10408,3680,-11196,-10128,3716,-1676,-15196,6084,6660,-12340,8556,196,-6688,10968,6648,-9492,13552,4716,-8488,11784,5836,-8340,11336,5864,-7064,12092,5952,-7640,11740,6176,-7644,11896,6080,-6896,11832,5740,-7192,11964,5648,-7528,12064,5864,-6968,11924,5832,-7136,11740,fall
-9628,-9876,5984,-10200,-10504,4588,-10632,-10076,4168,-11648,-9932,3592,-11440,-10408,3680,-11196,-10128,3716,-1676,-15196,6084,6660,-12340,8556,196,-6688,10968,6648,-9492,13552,4716,-8488,11784,5836,-8340,11336,5864,-7064,12092,5952,-7640,11740,6176,-7644,11896,6080,-6896,11832,5740,-7192,11964,5648,-7528,12064,5864,-6968,11924,5832,-7136,11740,5792,-7324,11884,4812,-7696,12072,5336,-7496,12352,5868,-7064,12020,6076,-7428,11832,fall
-11196,-10128,3716,-1676,-15196,6084,6660,-12340,8556,196,-6688,10968,6648,-9492,13552,4716,-8488,11784,5836,-8340,11336,5864,-7064,12092,5952,-7640,11740,6176,-7644,11896,6080,-6896,11832,5740,-7192,11964,5648,-7528,12064,5864,-6968,11924,5832,-7136,11740,5792,-7324,11884,4812,-7696,12072,5336,-7496,12352,5868,-7064,12020,6076,-7428,11832,5532,-7432,11544,5420,-7952,12148,5496,-7388,12152,5816,-7516,11576,7908,-7508,12204,fall
4716,-8488,11784,5836,-8340,11336,5864,-7064,12092,5952,-7640,11740,6176,-7644,11896,6080,-6896,11832,5740,-7192,11964,5648,-7528,12064,5864,-6968,11924,5832,-7136,11740,5792,-7324,11884,4812,-7696,12072,5336,-7496,12352,5868,-7064,12020,6076,-7428,11832,5532,-7432,11544,5420,-7952,12148,5496,-7388,12152,5816,-7516,11576,7908,-7508,12204,5844,-7372,11840,5400,-7444,11620,5964,-7900,11980,5756,-7956,11692,5884,-7884,11560,fall
6080,-6896,11832,5740,-7192,11964,5648,-7528,12064,5864,-6968,11924,5832,-7136,11740,5792,-7324,11884,4812,-7696,12072,5336,-7496,12352,5868,-7064,12020,6076,-7428,11832,5532,-7432,11544,5420,-7952,12148,5496,-7388,12152,5816,-7516,11576,7908,-7508,12204,5844,-7372,11840,5400,-7444,11620,5964,-7900,11980,5756,-7956,11692,5884,-7884,11560,6196,-7600,11768,6076,-7668,11632,5624,-7592,11804,6196,-7628,11700,6140,-7428,11756,fall
5792,-7324,11884,4812,-7696,12072,5336,-7496,12352,5868,-7064,12020,6076,-7428,11832,5532,-7432,11544,5420,-7952,12148,5496,-7388,12152,5816,-7516,11576,7908,-7508,12204,5844,-7372,11840,5400,-7444,11620,5964,-7900,11980,5756,-7956,11692,5884,-7884,11560,6196,-7600,11768,6076,-7668,11632,5624,-7592,11804,6196,-7628,11700,6140,-7428,11756,6304,-7636,11724,6120,-7496,11868,6176,-7768,11952,5888,-8016,11848,6808,-7844,11536,fall
